{
    "batch_number": [
        0,
        0,
        0,
        0
    ],
    "sample_number": [
        0,
        2000,
        4000,
        6000,
        7024
    ],
    "running_loss": {
        "conor_train_gauss_source_10e11_resample_theta_train": [
            0.696589652856191,
            0.7055982122421265,
            0.7090568574269612,
            0.7081922141710917,
            0.7077302207946777
        ],
        "conor_train_gauss_source_10e11_resample_theta_val": [
            0.7767097353935242,
            0.6965126876831055,
            0.7748376727104187,
            0.7778868675231934,
            0.7057211825052897,
            0.7820630073547363,
            0.7830014824867249,
            0.709083347638448,
            0.7781548500061035,
            0.7723951935768127,
            0.7083448675473532,
            0.7535338997840881,
            0.7079240425427755
        ]
    },
    "accuracy": {
        "conor_train_gauss_source_10e11_resample_theta_train": [
            0.506,
            0.506,
            0.506,
            0.506,
            0.506
        ],
        "conor_train_gauss_source_10e11_resample_theta_val": [
            0.5056666666666667,
            0.5056666666666667,
            0.5056666666666667,
            0.5056666666666667,
            0.5056666666666667
        ]
    },
    "f1_score": {
        "conor_train_gauss_source_10e11_resample_theta_train": [
            0.6719787516600265,
            0.6719787516600265,
            0.6719787516600265,
            0.6719787516600265,
            0.6719787516600265
        ],
        "conor_train_gauss_source_10e11_resample_theta_val": [
            0.6716847465131724,
            0.6716847465131724,
            0.6716847465131724,
            0.6716847465131724,
            0.6716847465131724
        ]
    },
    "precision": {
        "conor_train_gauss_source_10e11_resample_theta_train": [
            0.506,
            0.506,
            0.506,
            0.506,
            0.506
        ],
        "conor_train_gauss_source_10e11_resample_theta_val": [
            0.5056666666666667,
            0.5056666666666667,
            0.5056666666666667,
            0.5056666666666667,
            0.5056666666666667
        ]
    },
    "recall": {
        "conor_train_gauss_source_10e11_resample_theta_train": [
            1.0,
            1.0,
            1.0,
            1.0,
            1.0
        ],
        "conor_train_gauss_source_10e11_resample_theta_val": [
            1.0,
            1.0,
            1.0,
            1.0,
            1.0
        ]
    },
    "confusion_matrix": {
        "conor_train_gauss_source_10e11_resample_theta_train": [
            [
                [
                    0,
                    1482
                ],
                [
                    0,
                    1518
                ]
            ],
            [
                [
                    0,
                    1482
                ],
                [
                    0,
                    1518
                ]
            ],
            [
                [
                    0,
                    1482
                ],
                [
                    0,
                    1518
                ]
            ],
            [
                [
                    0,
                    1482
                ],
                [
                    0,
                    1518
                ]
            ],
            [
                [
                    0,
                    1482
                ],
                [
                    0,
                    1518
                ]
            ]
        ],
        "conor_train_gauss_source_10e11_resample_theta_val": [
            [
                [
                    0,
                    1483
                ],
                [
                    0,
                    1517
                ]
            ],
            [
                [
                    0,
                    1483
                ],
                [
                    0,
                    1517
                ]
            ],
            [
                [
                    0,
                    1483
                ],
                [
                    0,
                    1517
                ]
            ],
            [
                [
                    0,
                    1483
                ],
                [
                    0,
                    1517
                ]
            ],
            [
                [
                    0,
                    1483
                ],
                [
                    0,
                    1517
                ]
            ]
        ]
    },
    "learning_rate": [
        3.961570760819519e-09,
        3.5460227640810134e-09,
        2.7653718355791252e-09,
        1.803974524559423e-09,
        8.888719889101047e-10,
        2.3617252943334005e-10,
        1.6000000186977558e-14,
        2.3617252943333984e-10
    ]
}