{
    "batch_number": [
        0,
        0,
        0,
        0
    ],
    "sample_number": [
        0,
        3000,
        6000,
        9000,
        11816
    ],
    "running_loss": {
        "conor_train_gauss_source_10e11_resample_theta_val": [
            0.766242265701294,
            0.6934498324394226,
            0.7388532757759094,
            0.7572351694107056,
            0.8750756978988647,
            0.912995457649231,
            1.1381263732910156,
            0.873450756072998,
            0.8185362815856934,
            1.145463228225708,
            1.403823971748352,
            0.824101984500885,
            0.7050690650939941,
            0.9373796582221985,
            0.7010731102625529,
            1.0984925031661987,
            1.2259528636932373,
            0.9232323169708252,
            0.7580376863479614,
            1.0712165832519531,
            0.7253623604774475,
            1.0509326457977295,
            0.7643880844116211,
            0.8139045834541321,
            0.796185314655304,
            0.7270849347114563,
            0.7994989156723022,
            0.6942870853741964,
            0.698684573173523,
            0.7439274787902832,
            0.712319016456604,
            0.7152236104011536,
            0.7328869700431824,
            0.7198231220245361,
            0.7074554562568665,
            0.7009623646736145,
            0.705441951751709,
            0.7738955020904541,
            0.7745653986930847,
            0.6781372427940369,
            0.6952026688257853,
            0.7413432002067566,
            0.7517015337944031,
            0.783435583114624,
            0.7382826209068298,
            0.7225672006607056,
            0.7059727311134338,
            0.7007716298103333,
            0.7052058577537537,
            0.7106812000274658,
            0.7475458979606628,
            0.7327476143836975,
            0.7650046135584513
        ]
    },
    "accuracy": {
        "conor_train_gauss_source_10e11_resample_theta_val": [
            0.5056666666666667,
            0.49433333333333335,
            0.49433333333333335,
            0.49433333333333335,
            0.49433333333333335
        ]
    },
    "f1_score": {
        "conor_train_gauss_source_10e11_resample_theta_val": [
            0.6716847465131724,
            0.0,
            0.0,
            0.0,
            0.0
        ]
    },
    "precision": {
        "conor_train_gauss_source_10e11_resample_theta_val": [
            0.5056666666666667,
            0.0,
            0.0,
            0.0,
            0.0
        ]
    },
    "recall": {
        "conor_train_gauss_source_10e11_resample_theta_val": [
            1.0,
            0.0,
            0.0,
            0.0,
            0.0
        ]
    },
    "confusion_matrix": {
        "conor_train_gauss_source_10e11_resample_theta_val": [
            [
                [
                    0,
                    1483
                ],
                [
                    0,
                    1517
                ]
            ],
            [
                [
                    1483,
                    0
                ],
                [
                    1517,
                    0
                ]
            ],
            [
                [
                    1483,
                    0
                ],
                [
                    1517,
                    0
                ]
            ],
            [
                [
                    1483,
                    0
                ],
                [
                    1517,
                    0
                ]
            ],
            [
                [
                    1483,
                    0
                ],
                [
                    1517,
                    0
                ]
            ]
        ]
    },
    "learning_rate": [
        7.167226780837698e-05,
        0.0001625093522829846,
        0.00030052368481377353,
        0.0004675018199786201,
        0.0006414080235480066,
        0.0007992922794678173,
        0.0009203189525871414,
        0.000988516421226845,
        0.0009997322948090079,
        0.000996723902614164,
        0.0009903926786310544,
        0.0009807809757178857,
        0.0009679530915668093,
        0.0009519948385831354,
        0.0009330129698414117,
        0.0009111344649584494,
        0.0008865056806604616,
        0.0008592913717266133,
        0.0008296735888584042,
        0.0007978504608476077,
        0.0007640348691894826,
        0.000728453024007459,
        0.0006913429508156802,
        0.0006529528982422365,
        0.0006135396773646604,
        0.0005733669437667318,
        0.0005327034338088131,
        0.0004918211669102198,
        0.00045099362586950033,
        0.0004104939273954063,
        0.00037059299508682977,
        0.00033155774708359677,
        0.00029364931051186226,
        0.00025712127466861735,
        0.00022221799463066505,
        0.00018917295663610815,
        0.00015820721617316837,
        0.00012952791922477127,
        0.00010332691656106304,
        7.977948034958309e-05,
        5.904313166835123e-05,
        4.125658676524726e-05,
        2.65388291127062e-05,
        1.4988313465234402e-05,
        6.682307244224681e-06,
        1.676373655888459e-06,
        4e-09,
        1.676373655888459e-06
    ]
}