{
    "batch_number": [
        0,
        20,
        40,
        60,
        80
    ],
    "sample_number": [
        0,
        20480,
        40960,
        61440,
        81920,
        99328
    ],
    "running_loss": {
        "SIS_10e10_sub_val": [
            0.6933881111145019,
            NaN,
            NaN,
            NaN,
            NaN,
            NaN
        ],
        "SIS_10e9_sub_val": [
            0.6943926982879639,
            NaN,
            NaN,
            NaN,
            NaN,
            NaN
        ],
        "conor_similar_cat_min_10e11_train_no_shear_small.json": [
            0.6951752305030823,
            0.6922360882759094,
            0.7259541153907776,
            1.124402642250061,
            0.8982086181640625,
            5.1429948806762695,
            1.1756380796432495,
            24.051925659179688,
            0.6948347091674805,
            18.0030574798584,
            3.1027963161468506,
            7.525097370147705,
            6.848904609680176,
            4.682694911956787,
            4.931471347808838,
            3.0511271953582764,
            3.4724669456481934,
            2.0584747791290283,
            3.723161220550537,
            NaN,
            NaN,
            NaN,
            NaN,
            NaN,
            NaN,
            NaN,
            NaN,
            NaN,
            NaN,
            NaN,
            NaN,
            NaN,
            NaN,
            NaN,
            NaN,
            NaN,
            NaN,
            NaN,
            NaN,
            NaN,
            NaN,
            NaN,
            NaN,
            NaN,
            NaN,
            NaN,
            NaN,
            NaN,
            NaN,
            NaN,
            NaN,
            NaN,
            NaN,
            NaN,
            NaN,
            NaN,
            NaN,
            NaN,
            NaN,
            NaN,
            NaN,
            NaN,
            NaN,
            NaN,
            NaN,
            NaN,
            NaN,
            NaN,
            NaN,
            NaN,
            NaN,
            NaN,
            NaN,
            NaN,
            NaN,
            NaN,
            NaN,
            NaN,
            NaN,
            NaN,
            NaN,
            NaN,
            NaN,
            NaN,
            NaN,
            NaN,
            NaN,
            NaN,
            NaN,
            NaN,
            NaN,
            NaN,
            NaN,
            NaN,
            NaN,
            NaN,
            NaN,
            NaN,
            NaN,
            NaN,
            NaN,
            NaN,
            NaN,
            NaN
        ],
        "conor_similar_cat_min_10e11_val_no_shear_small.json": [
            0.6937802410125733,
            NaN,
            NaN,
            NaN,
            NaN,
            NaN
        ]
    },
    "accuracy": {
        "SIS_10e10_sub_val": [
            0.504,
            0.504,
            0.504,
            0.504,
            0.504,
            0.504
        ],
        "SIS_10e9_sub_val": [
            0.4875,
            0.4875,
            0.4875,
            0.4875,
            0.4875,
            0.4875
        ],
        "conor_similar_cat_min_10e11_train_no_shear_small.json": [
            0.5225,
            0.5225,
            0.5225,
            0.5225,
            0.5225,
            0.5225
        ],
        "conor_similar_cat_min_10e11_val_no_shear_small.json": [
            0.4975,
            0.4975,
            0.4975,
            0.4975,
            0.4975,
            0.4975
        ]
    },
    "f1_score": {
        "SIS_10e10_sub_val": [
            0.33778723404255323,
            0.33778723404255323,
            0.33778723404255323,
            0.33778723404255323,
            0.33778723404255323,
            0.33778723404255323
        ],
        "SIS_10e9_sub_val": [
            0.3195378151260504,
            0.3195378151260504,
            0.3195378151260504,
            0.3195378151260504,
            0.3195378151260504,
            0.3195378151260504
        ],
        "conor_similar_cat_min_10e11_train_no_shear_small.json": [
            0.3586288998357963,
            0.3586288998357963,
            0.3586288998357963,
            0.3586288998357963,
            0.3586288998357963,
            0.3586288998357963
        ],
        "conor_similar_cat_min_10e11_val_no_shear_small.json": [
            0.330559265442404,
            0.330559265442404,
            0.330559265442404,
            0.330559265442404,
            0.330559265442404,
            0.330559265442404
        ]
    },
    "precision": {
        "SIS_10e10_sub_val": [
            0.25401599999999996,
            0.25401599999999996,
            0.25401599999999996,
            0.25401599999999996,
            0.25401599999999996,
            0.25401599999999996
        ],
        "SIS_10e9_sub_val": [
            0.23765625,
            0.23765625,
            0.23765625,
            0.23765625,
            0.23765625,
            0.23765625
        ],
        "conor_similar_cat_min_10e11_train_no_shear_small.json": [
            0.27300624999999995,
            0.27300624999999995,
            0.27300624999999995,
            0.27300624999999995,
            0.27300624999999995,
            0.27300624999999995
        ],
        "conor_similar_cat_min_10e11_val_no_shear_small.json": [
            0.24750624999999998,
            0.24750624999999998,
            0.24750624999999998,
            0.24750624999999998,
            0.24750624999999998,
            0.24750624999999998
        ]
    },
    "recall": {
        "SIS_10e10_sub_val": [
            0.504,
            0.504,
            0.504,
            0.504,
            0.504,
            0.504
        ],
        "SIS_10e9_sub_val": [
            0.4875,
            0.4875,
            0.4875,
            0.4875,
            0.4875,
            0.4875
        ],
        "conor_similar_cat_min_10e11_train_no_shear_small.json": [
            0.5225,
            0.5225,
            0.5225,
            0.5225,
            0.5225,
            0.5225
        ],
        "conor_similar_cat_min_10e11_val_no_shear_small.json": [
            0.4975,
            0.4975,
            0.4975,
            0.4975,
            0.4975,
            0.4975
        ]
    },
    "confusion_matrix": {
        "SIS_10e10_sub_val": [
            [
                [
                    1008,
                    0
                ],
                [
                    992,
                    0
                ]
            ],
            [
                [
                    1008,
                    0
                ],
                [
                    992,
                    0
                ]
            ],
            [
                [
                    1008,
                    0
                ],
                [
                    992,
                    0
                ]
            ],
            [
                [
                    1008,
                    0
                ],
                [
                    992,
                    0
                ]
            ],
            [
                [
                    1008,
                    0
                ],
                [
                    992,
                    0
                ]
            ],
            [
                [
                    1008,
                    0
                ],
                [
                    992,
                    0
                ]
            ]
        ],