{
    "batch_number": [
        0,
        50,
        0,
        50,
        0,
        50
    ],
    "sample_number": [
        0,
        51200,
        100000,
        151200,
        200000,
        251200,
        251200
    ],
    "running_loss": {
        "SIS_10e10_sub_val": [
            0.6908541321754456,
            NaN,
            NaN,
            NaN,
            NaN,
            NaN,
            NaN
        ],
        "SIS_10e9_sub_val": [
            0.6963940858840942,
            NaN,
            NaN,
            NaN,
            NaN,
            NaN,
            NaN
        ],
        "conor_similar_cat_min_10e11_train_small.json": [
            0.7000625729560852,
            0.7005057334899902,
            0.7118777632713318,
            0.6988672614097595,
            0.6934542655944824,
            0.6941147446632385,
            0.6914708018302917,
            0.6920352578163147,
            0.6883558630943298,
            0.6877070069313049,
            0.6898310780525208,
            0.6869693398475647,
            0.6875501275062561,
            0.6959492564201355,
            0.6906964778900146,
            0.6891248226165771,
            0.6818532347679138,
            0.6893907189369202,
            0.6833749413490295,
            0.6880401372909546,
            0.6831598877906799,
            0.6819158792495728,
            0.6789754629135132,
            0.6789312958717346,
            0.6800500750541687,
            0.6741903424263,
            0.6751567125320435,
            0.686820924282074,
            0.7015605568885803,
            NaN,
            NaN,
            NaN,
            NaN,
            NaN,
            NaN,
            NaN,
            NaN,
            NaN,
            NaN,
            NaN,
            NaN,
            NaN,
            NaN,
            NaN,
            NaN,
            NaN,
            NaN,
            NaN,
            NaN,
            NaN,
            NaN,
            NaN,
            NaN,
            NaN,
            NaN,
            NaN,
            NaN,
            NaN,
            NaN,
            NaN,
            NaN,
            NaN,
            NaN,
            NaN,
            NaN,
            NaN,
            NaN,
            NaN,
            NaN,
            NaN,
            NaN,
            NaN,
            NaN,
            NaN,
            NaN,
            NaN,
            NaN,
            NaN,
            NaN,
            NaN,
            NaN,
            NaN,
            NaN,
            NaN,
            NaN,
            NaN,
            NaN,
            NaN,
            NaN,
            NaN,
            NaN,
            NaN,
            NaN,
            NaN,
            NaN,
            NaN,
            NaN,
            NaN,
            NaN,
            NaN,
            NaN,
            NaN,
            NaN,
            NaN,
            NaN,
            NaN,
            NaN,
            NaN,
            NaN,
            NaN,
            NaN,
            NaN,
            NaN,
            NaN,
            NaN,
            NaN,
            NaN,
            NaN,
            NaN,
            NaN,
            NaN,
            NaN,
            NaN,
            NaN,
            NaN,
            NaN,
            NaN,
            NaN,
            NaN,
            NaN,
            NaN,
            NaN,
            NaN,
            NaN,
            NaN,
            NaN,
            NaN,
            NaN,
            NaN,
            NaN,
            NaN,
            NaN,
            NaN,
            NaN,
            NaN,
            NaN,
            NaN,
            NaN,
            NaN,
            NaN,
            NaN,
            NaN,
            NaN,
            NaN,
            NaN,
            NaN,
            NaN,
            NaN,
            NaN,
            NaN,
            NaN,
            NaN,
            NaN,
            NaN,
            NaN,
            NaN,
            NaN,
            NaN,
            NaN,
            NaN,
            NaN,
            NaN,
            NaN,
            NaN,
            NaN,
            NaN,
            NaN,
            NaN,
            NaN,
            NaN,
            NaN,
            NaN,
            NaN,
            NaN,
            NaN,
            NaN,
            NaN,
            NaN,
            NaN,
            NaN,
            NaN,
            NaN,
            NaN,
            NaN,
            NaN,
            NaN,
            NaN,
            NaN,
            NaN,
            NaN,
            NaN,
            NaN,
            NaN,
            NaN,
            NaN,
            NaN,
            NaN,
            NaN,
            NaN,
            NaN,
            NaN,
            NaN,
            NaN,
            NaN,
            NaN,
            NaN,
            NaN,
            NaN,
            NaN,
            NaN,
            NaN,
            NaN,
            NaN,
            NaN,
            NaN,
            NaN,
            NaN,
            NaN,
            NaN,
            NaN,
            NaN,
            NaN,
            NaN,
            NaN,
            NaN,
            NaN,
            NaN,
            NaN,
            NaN,
            NaN,
            NaN,
            NaN,
            NaN,
            NaN,
            NaN,
            NaN,
            NaN,
            NaN,
            NaN,
            NaN,
            NaN,
            NaN,
            NaN,
            NaN
        ],
        "conor_similar_cat_min_10e11_val.json": [
            0.6962020397186279,
            NaN,
            NaN,
            NaN,
            NaN,
            NaN,
            NaN
        ]
    },
    "accuracy": {
        "SIS_10e10_sub_val": [
            0.528,
            0.49,
            0.49,
            0.49,
            0.49,
            0.49,
            0.49
        ],
        "SIS_10e9_sub_val": [
            0.487,
            0.495,
            0.495,
            0.495,
            0.495,
            0.495,
            0.495
        ],
        "conor_similar_cat_min_10e11_train_small.json": [
            0.482,
            0.519,
            0.519,
            0.519,
            0.519,
            0.519,
            0.519
        ],
        "conor_similar_cat_min_10e11_val.json": [
            0.514,
            0.491,
            0.491,
            0.491,
            0.491,
            0.491,
            0.491
        ]
    },
    "f1_score": {
        "SIS_10e10_sub_val": [
            0.49641184041184044,
            0.32228187919463086,
            0.32228187919463086,
            0.32228187919463086,
            0.32228187919463086,
            0.32228187919463086,
            0.32228187919463086
        ],
        "SIS_10e9_sub_val": [
            0.4472009279599253,
            0.32779264214046816,
            0.32779264214046816,
            0.32779264214046816,
            0.32779264214046816,
            0.32779264214046816,
            0.32779264214046816
        ],
        "conor_similar_cat_min_10e11_train_small.json": [
            0.46883337413300696,
            0.3546556945358788,
            0.3546556945358788,
            0.3546556945358788,
            0.3546556945358788,
            0.3546556945358788,
            0.3546556945358788
        ],
        "conor_similar_cat_min_10e11_val.json": [
            0.4947584600744586,
            0.3233816230717639,
            0.3233816230717639,
            0.3233816230717639,
            0.3233816230717639,
            0.3233816230717639,
            0.3233816230717639
        ]
    },
    "precision": {
        "SIS_10e10_sub_val": [
            0.53056,
            0.2401,
            0.2401,
            0.2401,
            0.2401,
            0.2401,
            0.2401
        ],
        "SIS_10e9_sub_val": [
            0.4781672054597701,
            0.245025,
            0.245025,
            0.245025,
            0.245025,
            0.245025,
            0.245025
        ],