{
    "batch_number": [
        0,
        7,
        14,
        21,
        28,
        35,
        42,
        49,
        56,
        63
    ],
    "sample_number": [
        0,
        7168,
        14336,
        21504,
        28672,
        35840,
        43008,
        50176,
        57344,
        64512,
        64512
    ],
    "running_loss": {
        "conor_similar_cat_min_10e11_train_small.json": [
            0.6941624879837036,
            0.6951876282691956,
            0.7040407657623291,
            0.6936861872673035,
            0.6949922442436218,
            0.700115442276001,
            0.6928392648696899,
            0.6932389736175537,
            0.6933968663215637,
            0.6924370527267456,
            0.6933399438858032,
            0.6986274719238281,
            0.695366382598877,
            0.6934060454368591,
            0.6941144466400146,
            0.6945711970329285,
            0.6959482431411743,
            0.7002995610237122,
            0.6949228644371033,
            0.6936661601066589,
            0.6929384469985962,
            0.6931646466255188,
            0.6942610144615173,
            0.6949370503425598,
            0.6939928531646729,
            0.6924325823783875,
            0.693253219127655,
            0.6933512091636658,
            0.6931909918785095,
            0.694119393825531,
            0.6918153762817383,
            0.6943353414535522,
            0.6931720972061157,
            0.6944370269775391,
            0.6933057904243469,
            0.6927750110626221,
            0.6943262219429016,
            0.6950290203094482,
            0.6914368867874146,
            0.6921068429946899,
            0.6932785511016846,
            0.6924248933792114,
            0.6926600933074951,
            0.6938721537590027,
            0.6936495304107666,
            0.6933341026306152,
            0.6934307217597961,
            0.6952314972877502,
            0.6931238770484924,
            0.6956177949905396,
            0.6926200985908508,
            0.6936253905296326,
            0.6931958794593811,
            0.6937777996063232,
            0.6939792633056641,
            0.6940003633499146,
            0.6931764483451843,
            0.693057119846344,
            0.6932265758514404,
            0.6946856379508972,
            0.6957913041114807,
            0.6930283904075623,
            0.6927071213722229,
            0.6907681226730347,
            0.6933404803276062,
            0.6932699084281921,
            0.695228099822998,
            0.6951783299446106,
            0.6934636831283569,
            0.6947221159934998,
            0.6931714415550232,
            0.692172110080719,
            0.6974668502807617,
            0.702401876449585,
            0.7024024128913879
        ],
        "conor_similar_cat_min_10e11_val.json": [
            0.6931529641151428,
            0.6948398947715759,
            0.6953974366188049,
            0.6943396925926208,
            0.6930132508277893,
            0.6945621371269226,
            0.693270206451416,
            0.6931934952735901,
            0.6977075338363647,
            0.6966149806976318,
            0.6966156959533691
        ]
    },
    "accuracy": {
        "conor_similar_cat_min_10e11_train_small.json": [
            0.481,
            0.519,
            0.481,
            0.519,
            0.481,
            0.519,
            0.481,
            0.519,
            0.519,
            0.481,
            0.481
        ],
        "conor_similar_cat_min_10e11_val.json": [
            0.509,
            0.491,
            0.509,
            0.491,
            0.509,
            0.491,
            0.509,
            0.491,
            0.491,
            0.509,
            0.509
        ]
    },
    "f1_score": {
        "conor_similar_cat_min_10e11_train_small.json": [
            0.31243889264010805,
            0.3546556945358788,
            0.31243889264010805,
            0.3546556945358788,
            0.31243889264010805,
            0.3546556945358788,
            0.31243889264010805,
            0.3546556945358788,
            0.3546556945358788,
            0.31243889264010805,
            0.31243889264010805
        ],
        "conor_similar_cat_min_10e11_val.json": [
            0.34338104705102723,
            0.3233816230717639,
            0.34338104705102723,
            0.3233816230717639,
            0.34338104705102723,
            0.3233816230717639,
            0.34338104705102723,
            0.3233816230717639,
            0.3233816230717639,
            0.34338104705102723,
            0.34338104705102723
        ]
    },
    "precision": {
        "conor_similar_cat_min_10e11_train_small.json": [
            0.23136099999999998,
            0.269361,
            0.23136099999999998,
            0.269361,
            0.23136099999999998,
            0.269361,
            0.23136099999999998,
            0.269361,
            0.269361,
            0.23136099999999998,
            0.23136099999999998
        ],
        "conor_similar_cat_min_10e11_val.json": [
            0.259081,
            0.241081,
            0.259081,
            0.241081,
            0.259081,
            0.241081,
            0.259081,
            0.241081,
            0.241081,
            0.259081,
            0.259081
        ]
    },
    "recall": {
        "conor_similar_cat_min_10e11_train_small.json": [
            0.481,
            0.519,
            0.481,
            0.519,
            0.481,
            0.519,
            0.481,
            0.519,
            0.519,
            0.481,
            0.481
        ],
        "conor_similar_cat_min_10e11_val.json": [
            0.509,
            0.491,
            0.509,
            0.491,
            0.509,
            0.491,
            0.509,
            0.491,
            0.491,
            0.509,
            0.509
        ]
    },