{
    "batch_number": [
        0,
        0,
        0,
        0
    ],
    "sample_number": [
        0,
        10000,
        20000,
        30000,
        39216
    ],
    "running_loss": {
        "conor_train_gauss_source_10e11_resample_theta_train": [
            0.7562848925590515,
            0.6939886867205302,
            0.7893722653388977,
            0.7661573886871338,
            0.769137978553772,
            0.7847221493721008,
            0.7636547684669495,
            0.7618885040283203,
            0.7687610983848572,
            0.7633299827575684,
            0.7410827279090881,
            0.7512455582618713,
            0.7087100558280944,
            0.7529008984565735,
            0.7483125925064087,
            0.7545969486236572,
            0.7656307816505432,
            0.7660331726074219,
            0.771284818649292,
            0.7473415732383728,
            0.7376993894577026,
            0.7462292909622192,
            0.7346886992454529,
            0.7521893472671509,
            0.7231866121292114,
            0.7481510639190674,
            0.7530462145805359,
            0.751038134098053,
            0.7416381239891052,
            0.7532395720481873,
            0.7474448680877686,
            0.7260321974754333,
            0.748170793056488,
            0.7455732226371765,
            0.7910906658172607,
            0.7433684468269348,
            0.7485273480415344,
            0.7317663431167603,
            0.7303241491317749,
            0.7409607768058777,
            0.7156281471252441,
            0.7314398288726807,
            0.7340648770332336,
            0.7551117539405823,
            0.7703966533342997
        ],
        "conor_train_gauss_source_10e11_resample_theta_val": [
            0.6939645306269328,
            0.7089588840802511,
            0.7513101630210877,
            0.7922737180391948,
            0.7692480128606161
        ]
    },
    "accuracy": {
        "conor_train_gauss_source_10e11_resample_theta_train": [
            0.506,
            0.506,
            0.506,
            0.506,
            0.506
        ],
        "conor_train_gauss_source_10e11_resample_theta_val": [
            0.5056666666666667,
            0.5056666666666667,
            0.5056666666666667,
            0.5056666666666667,
            0.5056666666666667
        ]
    },
    "f1_score": {
        "conor_train_gauss_source_10e11_resample_theta_train": [
            0.6719787516600265,
            0.6719787516600265,
            0.6719787516600265,
            0.6719787516600265,
            0.6719787516600265
        ],
        "conor_train_gauss_source_10e11_resample_theta_val": [
            0.6716847465131724,
            0.6716847465131724,
            0.6716847465131724,
            0.6716847465131724,
            0.6716847465131724
        ]
    },
    "precision": {
        "conor_train_gauss_source_10e11_resample_theta_train": [
            0.506,
            0.506,
            0.506,
            0.506,
            0.506
        ],
        "conor_train_gauss_source_10e11_resample_theta_val": [
            0.5056666666666667,
            0.5056666666666667,
            0.5056666666666667,
            0.5056666666666667,
            0.5056666666666667
        ]
    },
    "recall": {
        "conor_train_gauss_source_10e11_resample_theta_train": [
            1.0,
            1.0,
            1.0,
            1.0,
            1.0
        ],
        "conor_train_gauss_source_10e11_resample_theta_val": [
            1.0,
            1.0,
            1.0,
            1.0,
            1.0
        ]
    },
    "confusion_matrix": {
        "conor_train_gauss_source_10e11_resample_theta_train": [
            [
                [
                    0,
                    1482
                ],
                [
                    0,
                    1518
                ]
            ],
            [
                [
                    0,
                    1482
                ],
                [
                    0,
                    1518
                ]
            ],
            [
                [
                    0,
                    1482
                ],
                [
                    0,
                    1518
                ]
            ],
            [
                [
                    0,
                    1482
                ],
                [
                    0,
                    1518
                ]
            ],
            [
                [
                    0,
                    1482
                ],
                [
                    0,
                    1518
                ]
            ]
        ],
        "conor_train_gauss_source_10e11_resample_theta_val": [
            [
                [
                    0,
                    1483
                ],
                [
                    0,
                    1517
                ]
            ],
            [
                [
                    0,
                    1483
                ],
                [
                    0,
                    1517
                ]
            ],
            [
                [
                    0,
                    1483
                ],
                [
                    0,
                    1517
                ]
            ],
            [
                [
                    0,
                    1483
                ],
                [
                    0,
                    1517
                ]
            ],
            [
                [
                    0,
                    1483
                ],
                [
                    0,
                    1517
                ]
            ]
        ]
    },
    "learning_rate": [
        8.753494340683895e-08,
        2.2072489510780787e-07,
        4.131899517009691e-07,
        6.268100482990309e-07,
        8.19275104892192e-07,
        9.524650565931611e-07,
        1e-06,
        9.97592372966645e-07,
        9.903926786310544e-07,
        9.784702539854329e-07,
        9.619399184965784e-07,
        9.409608683316489e-07,
        9.157351432120481e-07,
        8.865056806604617e-07,
        8.535539763797114e-07,
        8.171973732952545e-07,
        7.777860053693351e-07,
        7.356994256195253e-07,
        6.913429508156802e-07,
        6.451437580578767e-07,
        5.975467708274203e-07,
        5.490103741304998e-07,
        5.00002e-07,
        4.5099362586950035e-07,
        4.0245722917257997e-07,
        3.548602419421235e-07,
        3.086610491843199e-07,
        2.6430457438047484e-07,
        2.2221799463066507e-07,
        1.8280662670474565e-07,
        1.4645002362028865e-07,
        1.1349831933953823e-07,
        8.426885678795194e-08,
        5.904313166835123e-08,
        3.8064081503421656e-08,
        2.1533746014567055e-08,
        9.61132136894559e-09,
        2.4116270333549355e-09,
        4e-12,
        2.41162703335488e-09
    ]
}