{
    "batch_number": [
        0,
        7,
        14,
        21,
        28,
        35,
        42,
        49,
        56,
        63,
        70
    ],
    "sample_number": [
        0,
        7168,
        14336,
        21504,
        28672,
        35840,
        43008,
        50176,
        57344,
        64512,
        71680,
        71680
    ],
    "running_loss": {
        "conor_similar_cat_min_10e11_train_small.json": [
            0.6932889819145203,
            0.6936385035514832,
            4.439789772033691,
            4.926987171173096,
            0.7742633819580078,
            1.0068343877792358,
            0.6934289932250977,
            0.8383186459541321,
            0.8699111342430115,
            0.8500097393989563,
            0.7574397325515747,
            0.6930896639823914,
            0.7375399470329285,
            0.7665321230888367,
            0.7415464520454407,
            0.7193450331687927,
            0.7004872560501099,
            0.6987975835800171,
            0.7038683295249939,
            0.709652304649353,
            0.7234885692596436,
            0.7247756123542786,
            0.7139253616333008,
            0.6960346102714539,
            0.6921244263648987,
            0.6971673965454102,
            0.7058013677597046,
            0.7214401960372925,
            0.7215774059295654,
            0.7074007391929626,
            0.6941218376159668,
            0.6944917440414429,
            0.6993873119354248,
            0.694610595703125,
            0.7106857299804688,
            0.701926052570343,
            0.6935762166976929,
            0.691067099571228,
            0.6929447650909424,
            0.6933349967002869,
            0.6930257678031921,
            0.6951884031295776,
            0.6949576139450073,
            0.6924776434898376,
            0.6952530741691589,
            0.6941236257553101,
            0.6934774518013,
            0.6977407336235046,
            0.6956038475036621,
            0.6926512718200684,
            0.693848192691803,
            0.6936964392662048,
            0.695163369178772,
            0.6935924887657166,
            0.6932552456855774,
            0.693254292011261,
            0.6935434937477112,
            0.6925625205039978,
            0.6934800744056702,
            0.6938514709472656,
            0.6938362121582031,
            NaN,
            NaN,
            NaN,
            NaN,
            NaN,
            NaN,
            NaN,
            NaN,
            NaN,
            NaN,
            NaN,
            NaN,
            NaN,
            NaN,
            NaN,
            NaN,
            NaN,
            NaN,
            NaN,
            NaN,
            NaN,
            NaN
        ],
        "conor_similar_cat_min_10e11_val.json": [
            0.6931847333908081,
            0.8846794366836548,
            0.6946029663085938,
            0.6938402056694031,
            0.7004508376121521,
            0.6931527853012085,
            0.6959749460220337,
            0.693760335445404,
            NaN,
            NaN,
            NaN,
            NaN
        ]
    },
    "accuracy": {
        "conor_similar_cat_min_10e11_train_small.json": [
            0.487,
            0.519,
            0.481,
            0.481,
            0.519,
            0.481,
            0.519,
            0.519,
            0.519,
            0.519,
            0.519,
            0.519
        ],
        "conor_similar_cat_min_10e11_val.json": [
            0.507,
            0.491,
            0.509,
            0.509,
            0.491,
            0.509,
            0.491,
            0.491,
            0.491,
            0.491,
            0.491,
            0.491
        ]
    },
    "f1_score": {
        "conor_similar_cat_min_10e11_train_small.json": [
            0.38776146953004537,
            0.3546556945358788,
            0.31243889264010805,
            0.31243889264010805,
            0.3546556945358788,
            0.31243889264010805,
            0.3546556945358788,
            0.3546556945358788,
            0.3546556945358788,
            0.3546556945358788,
            0.3546556945358788,
            0.3546556945358788
        ],
        "conor_similar_cat_min_10e11_val.json": [
            0.39413224672015496,
            0.3233816230717639,
            0.34338104705102723,
            0.34338104705102723,
            0.3233816230717639,
            0.34338104705102723,
            0.3233816230717639,
            0.3233816230717639,
            0.3233816230717639,
            0.3233816230717639,
            0.3233816230717639,
            0.3233816230717639
        ]
    },
    "precision": {
        "conor_similar_cat_min_10e11_train_small.json": [
            0.508069348551031,
            0.269361,
            0.23136099999999998,
            0.23136099999999998,
            0.269361,
            0.23136099999999998,
            0.269361,
            0.269361,
            0.269361,
            0.269361,
            0.269361,
            0.269361
        ],
        "conor_similar_cat_min_10e11_val.json": [
            0.49736420890937016,
            0.241081,
            0.259081,
            0.259081,
            0.241081,
            0.259081,
            0.241081,
            0.241081,
            0.241081,
            0.241081,
            0.241081,
            0.241081
        ]
    },
    "recall": {
        "conor_similar_cat_min_10e11_train_small.json": [
            0.487,
            0.519,
            0.481,
            0.481,
            0.519,
            0.481,
            0.519,
            0.519,
            0.519,
            0.519,
            0.519,
            0.519
        ],
        "conor_similar_cat_min_10e11_val.json": [
            0.507,
            0.491,
            0.509,
            0.509,
            0.491,
            0.509,
            0.491,
            0.491,
            0.491,
            0.491,
            0.491,
            0.491
        ]
    },