{
    "batch_number": [
        0,
        7,
        14,
        21,
        28,
        35
    ],
    "sample_number": [
        0,
        7168,
        14336,
        21504,
        28672,
        35840,
        35840
    ],
    "running_loss": {
        "SIS_10e10_sub_val": [
            0.7040635347366333,
            0.7059136629104614,
            0.8165198564529419,
            1.2071607112884521,
            1.166178822517395,
            0.965039849281311,
            0.9324905276298523
        ],
        "SIS_10e9_sub_val": [
            0.6490873098373413,
            0.6416967511177063,
            0.7674605250358582,
            1.1620546579360962,
            1.1551264524459839,
            0.9605209231376648,
            0.9311741590499878
        ],
        "SIS_10e11_sub_train_small": [
            0.540162205696106,
            0.6084466576576233,
            0.5186113119125366,
            0.5060147643089294,
            0.5189612507820129,
            0.5351383686065674,
            0.5085322856903076,
            0.5162976980209351,
            0.5143626928329468,
            0.6320545077323914,
            0.5098105072975159,
            0.5020806789398193,
            0.4870954155921936,
            0.5005892515182495,
            0.47401025891304016,
            0.48287224769592285,
            0.5031998753547668,
            0.6660756468772888,
            0.4648720920085907,
            0.47328758239746094,
            0.4928276836872101,
            0.45635169744491577,
            0.5012902617454529,
            0.4959917366504669,
            0.45357275009155273,
            0.9199168086051941,
            0.4814935326576233,
            0.46228301525115967,
            0.4786016345024109,
            0.4861581027507782,
            0.464699923992157,
            0.4774523079395294,
            0.47679316997528076,
            0.8451434969902039,
            0.4607919454574585,
            0.4529326856136322,
            0.454256534576416,
            0.4712056815624237,
            0.44452789425849915,
            0.44031596183776855,
            0.44440096616744995,
            0.7908982038497925,
            0.7476303577423096
        ],
        "SIS_10e11_sub_val": [
            0.6029744744300842,
            0.6374077200889587,
            0.6784439086914062,
            1.0151710510253906,
            0.9537826776504517,
            0.8186432123184204,
            0.8212034702301025
        ]
    },
    "accuracy": {
        "SIS_10e10_sub_val": [
            0.587,
            0.586,
            0.58,
            0.565,
            0.577,
            0.572,
            0.581
        ],
        "SIS_10e9_sub_val": [
            0.643,
            0.644,
            0.598,
            0.57,
            0.583,
            0.593,
            0.587
        ],
        "SIS_10e11_sub_train_small": [
            0.637,
            0.673,
            0.661,
            0.637,
            0.665,
            0.665,
            0.669
        ],
        "SIS_10e11_sub_val": [
            0.656,
            0.668,
            0.678,
            0.639,
            0.662,
            0.653,
            0.66
        ]
    },
    "f1_score": {
        "SIS_10e10_sub_val": [
            0.5865913268118835,
            0.5837651821862349,
            0.5736806109654623,
            0.5394893481209606,
            0.56165488440903,
            0.5595690662965397,
            0.5692755641521599
        ],
        "SIS_10e9_sub_val": [
            0.6430032132602741,
            0.6433497169913355,
            0.5891180227987421,
            0.547879282218597,
            0.5677021472841888,
            0.5808765957446808,
            0.5749945004025478
        ],
        "SIS_10e11_sub_train_small": [
            0.6349465744814581,
            0.6693546348492125,
            0.6596491474662937,
            0.6238462805858049,
            0.6541653461288714,
            0.6549091999147059,
            0.6582947151303178
        ],
        "SIS_10e11_sub_val": [
            0.6544501694532764,
            0.6661108272697556,
            0.6760760603760857,
            0.6259639580987659,
            0.6526917439596931,
            0.6412873788902881,
            0.6475858600847471
        ]
    },
    "precision": {
        "SIS_10e10_sub_val": [
            0.5883597350056848,
            0.5899038131226382,
            0.5822674764796952,
            0.5768694647670388,
            0.584736665876083,
            0.5770554072577736,
            0.5868201099764336
        ],
        "SIS_10e9_sub_val": [
            0.6430077124935997,
            0.6456812988865649,
            0.6054024458056578,
            0.5839268936512908,
            0.5941715116279069,
            0.6029328358208955,
            0.5959049671740856
        ],
        "SIS_10e11_sub_train_small": [
            0.6401534526854219,
            0.680981274191861,
            0.6635972702626904,
            0.6592793597202264,
            0.6886395543990743,
            0.686855349045792,
            0.6932126345057186
        ],
        "SIS_10e11_sub_val": [
            0.6564800541512565,
            0.6690905023538233,
            0.6868856288383198,
            0.6720741279069767,
            0.690781775333857,
            0.6863501816706321,
            0.6972432202875691
        ]
    },
    "recall": {
        "SIS_10e10_sub_val": [
            0.587,
            0.586,
            0.58,
            0.565,
            0.577,
            0.572,
            0.581
        ],
        "SIS_10e9_sub_val": [
            0.643,
            0.644,
            0.598,
            0.57,
            0.583,
            0.593,
            0.587
        ],
        "SIS_10e11_sub_train_small": [
            0.637,
            0.673,
            0.661,
            0.637,
            0.665,
            0.665,
            0.669
        ],
        "SIS_10e11_sub_val": [
            0.656,
            0.668,
            0.678,
            0.639,
            0.662,
            0.653,
            0.66
        ]
    },
    "confusion_matrix": {
        "SIS_10e10_sub_val": [
            [
                [
                    305,
                    185
                ],
                [
                    228,
                    282
                ]
            ],
            [
                [
                    325,
                    165
                ],
                [
                    249,
                    261
                ]
            ],
            [
                [
                    224,
                    266
                ],
                [
                    154,
                    356
                ]
            ],
            [
                [
                    160,
                    330
                ],
                [
                    105,
                    405
                ]
            ],
            [
                [
                    190,
                    300
                ],
                [
                    123,
                    387
                ]
            ],
            [
                [
                    197,
                    293
                ],
                [
                    135,
                    375
                ]
            ],
            [
                [
                    203,
                    287
                ],
                [
                    132,
                    378
                ]
            ]
        ],