{
    "batch_number": [
        0,
        50,
        0,
        50,
        0,
        50
    ],
    "sample_number": [
        0,
        51200,
        100000,
        151200,
        200000,
        251200,
        251200
    ],
    "running_loss": {
        "SIS_10e10_sub_val": [
            0.6921826006571452,
            NaN,
            NaN,
            NaN,
            NaN,
            NaN,
            NaN
        ],
        "SIS_10e9_sub_val": [
            0.6880867377916972,
            NaN,
            NaN,
            NaN,
            NaN,
            NaN,
            NaN
        ],
        "conor_similar_cat_min_10e11_train_small.json": [
            0.686382532119751,
            0.6921363134384155,
            0.677008330821991,
            0.676837682723999,
            0.6786836981773376,
            0.6838703155517578,
            0.6901587247848511,
            0.6854480504989624,
            0.6848202347755432,
            0.6844898462295532,
            0.687929093837738,
            0.6817684769630432,
            0.6813989877700806,
            0.6861011385917664,
            0.6832172870635986,
            0.684377133846283,
            0.6837116479873657,
            0.6864013671875,
            0.6792493462562561,
            0.6821573972702026,
            0.6855598092079163,
            0.6813496947288513,
            0.6840179562568665,
            0.6783880591392517,
            0.6777142286300659,
            0.6820060610771179,
            0.6803615689277649,
            0.6783000230789185,
            0.6828030347824097,
            0.6762896180152893,
            0.6765908598899841,
            0.6826984286308289,
            0.6780208945274353,
            0.6807500123977661,
            0.6769453287124634,
            0.6788301467895508,
            0.677359402179718,
            0.6853762269020081,
            0.6751239895820618,
            0.6879169344902039,
            NaN,
            NaN,
            NaN,
            NaN,
            NaN,
            NaN,
            NaN,
            NaN,
            NaN,
            NaN,
            NaN,
            NaN,
            NaN,
            NaN,
            NaN,
            NaN,
            NaN,
            NaN,
            NaN,
            NaN,
            NaN,
            NaN,
            NaN,
            NaN,
            NaN,
            NaN,
            NaN,
            NaN,
            NaN,
            NaN,
            NaN,
            NaN,
            NaN,
            NaN,
            NaN,
            NaN,
            NaN,
            NaN,
            NaN,
            NaN,
            NaN,
            NaN,
            NaN,
            NaN,
            NaN,
            NaN,
            NaN,
            NaN,
            NaN,
            NaN,
            NaN,
            NaN,
            NaN,
            NaN,
            NaN,
            NaN,
            NaN,
            NaN,
            NaN,
            NaN,
            NaN,
            NaN,
            NaN,
            NaN,
            NaN,
            NaN,
            NaN,
            NaN,
            NaN,
            NaN,
            NaN,
            NaN,
            NaN,
            NaN,
            NaN,
            NaN,
            NaN,
            NaN,
            NaN,
            NaN,
            NaN,
            NaN,
            NaN,
            NaN,
            NaN,
            NaN,
            NaN,
            NaN,
            NaN,
            NaN,
            NaN,
            NaN,
            NaN,
            NaN,
            NaN,
            NaN,
            NaN,
            NaN,
            NaN,
            NaN,
            NaN,
            NaN,
            NaN,
            NaN,
            NaN,
            NaN,
            NaN,
            NaN,
            NaN,
            NaN,
            NaN,
            NaN,
            NaN,
            NaN,
            NaN,
            NaN,
            NaN,
            NaN,
            NaN,
            NaN,
            NaN,
            NaN,
            NaN,
            NaN,
            NaN,
            NaN,
            NaN,
            NaN,
            NaN,
            NaN,
            NaN,
            NaN,
            NaN,
            NaN,
            NaN,
            NaN,
            NaN,
            NaN,
            NaN,
            NaN,
            NaN,
            NaN,
            NaN,
            NaN,
            NaN,
            NaN,
            NaN,
            NaN,
            NaN,
            NaN,
            NaN,
            NaN,
            NaN,
            NaN,
            NaN,
            NaN,
            NaN,
            NaN,
            NaN,
            NaN,
            NaN,
            NaN,
            NaN,
            NaN,
            NaN,
            NaN,
            NaN,
            NaN,
            NaN,
            NaN,
            NaN,
            NaN,
            NaN,
            NaN,
            NaN,
            NaN,
            NaN,
            NaN,
            NaN,
            NaN,
            NaN,
            NaN,
            NaN,
            NaN,
            NaN,
            NaN,
            NaN,
            NaN,
            NaN,
            NaN,
            NaN,
            NaN,
            NaN,
            NaN,
            NaN,
            NaN,
            NaN,
            NaN,
            NaN,
            NaN,
            NaN,
            NaN,
            NaN,
            NaN,
            NaN,
            NaN,
            NaN,
            NaN,
            NaN,
            NaN,
            NaN,
            NaN,
            NaN,
            NaN
        ],
        "conor_similar_cat_min_10e11_val.json": [
            0.6869071224530537,
            NaN,
            NaN,
            NaN,
            NaN,
            NaN,
            NaN
        ]
    },
    "accuracy": {
        "SIS_10e10_sub_val": [
            0.525,
            0.5033333333333333,
            0.5033333333333333,
            0.5033333333333333,
            0.5033333333333333,
            0.5033333333333333,
            0.5033333333333333
        ],
        "SIS_10e9_sub_val": [
            0.547,
            0.48733333333333334,
            0.48733333333333334,
            0.48733333333333334,
            0.48733333333333334,
            0.48733333333333334,
            0.48733333333333334
        ],
        "conor_similar_cat_min_10e11_train_small.json": [
            0.5196666666666667,
            0.5056666666666667,
            0.5056666666666667,
            0.5056666666666667,
            0.5056666666666667,
            0.5056666666666667,
            0.5056666666666667
        ],
        "conor_similar_cat_min_10e11_val.json": [
            0.552,
            0.4816666666666667,
            0.4816666666666667,
            0.4816666666666667,
            0.4816666666666667,
            0.4816666666666667,
            0.4816666666666667
        ]
    },
    "f1_score": {
        "SIS_10e10_sub_val": [
            0.5226449866785332,
            0.3370436067997043,
            0.3370436067997043,
            0.3370436067997043,
            0.3370436067997043,
            0.3370436067997043,
            0.3370436067997043
        ],
        "SIS_10e9_sub_val": [
            0.5422026212693806,
            0.3193551471686837,
            0.3193551471686837,
            0.3193551471686837,
            0.3193551471686837,
            0.3193551471686837,
            0.3193551471686837
        ],
        "conor_similar_cat_min_10e11_train_small.json": [
            0.5098135109547429,
            0.33964858682016086,
            0.33964858682016086,
            0.33964858682016086,
            0.33964858682016086,
            0.33964858682016086,
            0.33964858682016086
        ],